class,precision,recall,f1-score,support
Cultivar 1,0.9230769230769231,1.0,0.96,12.0
Cultivar 2,0.8666666666666667,0.9285714285714286,0.896551724137931,14.0
Cultivar 3,1.0,0.8,0.8888888888888888,10.0
accuracy,0.9166666666666666,0.9166666666666666,0.9166666666666666,0.9166666666666666
macro avg,0.9299145299145298,0.9095238095238095,0.91514687100894,36.0
weighted avg,0.9225071225071224,0.9166666666666666,0.9155725840783313,36.0
